<?xml version="1.0"?>
<!--
/**
 * Copyright © 2015 Magento. All rights reserved.
 * See COPYING.txt for license details.
 */
-->
<config xmlns:xsi="http://www.w3.org/2001/XMLSchema-instance" 
xsi:noNamespaceSchemaLocation="urn:magento:framework:ObjectManager/etc/config.xsd">
    
    <preference for="Agility\Import\Api\ImportInterface" type="Agility\Import\Model\Import" />
    
    <preference for="Agility\Import\Api\Data\ExportInterface" type="Agility\Import\Model\Export" />
    
    <preference for="Agility\Import\Api\Data\AttributeInterface" type="Agility\Import\Model\Data\Attribute" />
    
    <preference for="Agility\Import\Api\Data\AttributeSetInterface" type="Agility\Import\Model\Data\AttributeSet" />
    
    <preference for="Agility\Import\Api\Data\CategoryInterface" type="Agility\Import\Model\Data\Category" />
    
    <preference for="Agility\Import\Api\Data\ImageInterface" type="Agility\Import\Model\Data\Image" />
    
    <preference for="Agility\Import\Api\Data\MagentoCoreInterface" type="Agility\Import\Model\Data\MagentoCore" />
    
    <preference for="Agility\Import\Api\Data\OptionInterface" type="Agility\Import\Model\Data\Option" />
    
    <preference for="Agility\Import\Api\Data\ProductInterface" type="Agility\Import\Model\Data\Product" />
    
    <preference for="Agility\Import\Api\Data\RelatedSkuInterface" type="Agility\Import\Model\Data\RelatedSku" />
    
    <preference for="Agility\Import\Api\Data\DownloadInterface" type="Agility\Import\Model\Data\Download" />
        
    <preference for="Agility\Import\Api\Data\DownloadLinkInterface" type="Agility\Import\Model\Data\DownloadLink" />
    
    <preference for="Agility\Import\Api\Data\DownloadSampleInterface" type="Agility\Import\Model\Data\DownloadSample" />

    <preference for="Agility\Import\Api\Data\BundleLinkInterface" type="Agility\Import\Model\Data\BundleLink" />
    
    <preference for="Agility\Import\Api\Data\BundleOptionInterface" type="Agility\Import\Model\Data\BundleOption" />
  
</config>
