<?xml version="1.0" encoding="UTF-8"?>
<routes xmlns:xsi="http://www.w3.org/2001/XMLSchema-instance" 
		xsi:noNamespaceSchemaLocation="urn:magento:module:Magento_Webapi:etc/webapi.xsd">

    <route url="/Agility/Create" method="POST">
        <service class="Agility\Import\Api\ImportInterface" method="create"/>
        <resources>
            <resource ref="anonymous"></resource>
        </resources>
    </route>
    
    <route url="/Agility/Delete" method="POST">
        <service class="Agility\Import\Api\ImportInterface" method="delete"/>
        <resources>
            <resource ref="anonymous"></resource>
        </resources>
    </route>
    
    <route url="/Agility/Move" method="POST">
        <service class="Agility\Import\Api\ImportInterface" method="move"/>
        <resources>
            <resource ref="anonymous"></resource>
        </resources>
    </route>
    
    <route url="/Agility/Link" method="POST">
        <service class="Agility\Import\Api\ImportInterface" method="link"/>
        <resources>
            <resource ref="anonymous"></resource>
        </resources>
    </route>
    
    <route url="/Agility/Unlink" method="POST">
        <service class="Agility\Import\Api\ImportInterface" method="unlink"/>
        <resources>
            <resource ref="anonymous"></resource>
        </resources>
    </route>

    
   <!-- 
    <route url="/Agility/Import/Categories" method="POST">
        <service class="Agility\Import\Api\CategoryInterface" method="createCategories"/>
        <resources>
            <resource ref="anonymous"/>
        </resources>
    </route>
    
    <route url="/Agility/Import/Categories" method="POST">
        <service class="Agility\Import\Api\CategoriesInterface" method="updateCategories"/>
        <resources>
            <resource ref="anonymous"/>
        </resources>
    </route>
    
    <route url="/Agility/Import/Categories" method="POST">
        <service class="Agility\Import\Api\CategoriesInterface" method="deleteCategories"/>
        <resources>
            <resource ref="anonymous"/>
        </resources>
    </route>

    <route url="/Agility/Import/Products" method="POST">
        <service class="Agility\Import\Api\ProductInterface" method="createProducts"/>
        <resources>
            <resource ref="anonymous"/>
        </resources>
    </route>
    
    <route url="/Agility/Import/Products" method="POST">
        <service class="Agility\Import\Api\ProductInterface" method="updateProducts"/>
        <resources>
            <resource ref="anonymous"/>
        </resources>
    </route>
    
    <route url="/Agility/Import/Products" method="POST">
        <service class="Agility\Import\Api\ProductInterface" method="deleteProducts"/>
        <resources>
            <resource ref="anonymous"/>
        </resources>
    </route>
    
    <route url="/Agility/Import/Attributes" method="POST">
        <service class="Agility\Import\Api\AttributeInterface" method="createAttributes"/>
        <resources>
            <resource ref="anonymous"/>
        </resources>
    </route>
    
    <route url="/Agility/Import/Attributes" method="POST">
        <service class="Agility\Import\Api\AttributeInterface" method="updateAttributes"/>
        <resources>
            <resource ref="anonymous"/>
        </resources>
    </route>
    
    <route url="/Agility/Import/Attributes" method="POST">
        <service class="Agility\Import\Api\AttributeInterface" method="deleteAttributes"/>
        <resources>
            <resource ref="anonymous"/>
        </resources>
    </route>
    
    <route url="/Agility/Import/AttributeSets" method="POST">
        <service class="Agility\Import\Api\AttributeSetInterface" method="createAttributeSets"/>
        <resources>
            <resource ref="anonymous"/>
        </resources>
    </route>
    
    <route url="/Agility/Import/AttributeSets" method="POST">
        <service class="Agility\Import\Api\AttributeSetInterface" method="updateAttributeSets"/>
        <resources>
            <resource ref="anonymous"/>
        </resources>
    </route>
    
    <route url="/Agility/Import/AttributeSets" method="POST">
        <service class="Agility\Import\Api\AttributeSetInterface" method="deleteAttributeSets"/>
        <resources>
            <resource ref="anonymous"/>
        </resources>
    </route> -->

</routes>
